[{
    "question": "Which is a reserved word in the Java programming language",
    "answer": "finally",
    "options": ["Default handler","finally","throw handler","Java run time system"]
  },
  {
     "question": "how can we execute code with exception or without exception",
    "answer": "Java run time system",
    "options": ["handler","finally","throw ","Java system"]
  },
  {
    "question": "Typescript is superset of JavaScript ?",
    "answer": "True",
    "options": ["True","False","option3","option4"]
  },
  {
     "question": "what is Java ?",
    "answer": "Java run time system",
    "options": ["scripting lang","programing lang","framework ","API"]
  }]
